id,Global_Sales
11,0.25025530021133663
12,0.3402424056368013
17,0.8302265042071486
23,0.09027068998360306
27,0.16026049804701983
32,7.159592914716299
35,0.2002642895954763
36,0.3402771480246289
39,2.5899355948207274
42,0.21025629951572722
52,1.6701590524205001
54,0.20027797794872026
56,0.04027791695377103
57,0.7801905541483504
64,0.17026399532821984
68,0.08027122137202844
74,0.14026192541119303
78,0.08027868931222719
92,0.2602609147237225
95,0.040278309287718764
99,0.5902359079649184
101,0.09026968975285302
109,0.05027310959931673
113,0.6002077763333032
116,0.34024853702678604
118,0.7301829677909913
119,0.4002767923428754
122,0.05027553014138982
127,10.489617927710126
128,0.040278926433396166
133,0.020279044993980654
143,0.1202784521910582
145,0.2802519488940402
154,0.030276812468018794
166,0.030275957274813012
169,0.030276812468018794
170,0.2702579812909742
178,0.030276812468018794
201,0.6302376325134882
202,0.35024646803611864
206,0.020279044993980654
207,0.3902441934579492
213,0.7002056556982471
216,0.350248033384986
224,3.0499699634381727
226,0.8601703064071592
230,0.060274461381472445
234,0.7302132618230219
237,0.5702757845779072
248,0.030275957274813012
251,0.010278949987853548
252,0.1802620713750967
253,0.5102149746304866
255,0.44021847005896786
257,0.8801881434382056
264,0.02027788122793617
268,0.11026498665340093
270,0.02027788122793617
273,0.1002785707516427
276,0.7802129191771852
283,0.46023527679514475
287,0.07027182727268777
293,0.010278094794647766
299,1.6900937806703715
303,0.09027396571888192
308,1.2101521341411514
310,0.49026596875515055
311,9.89958646921978
315,0.19026131118801803
321,0.7202032130712641
322,0.41024073389872706
326,0.340252738480581
331,0.15026327719334875
338,0.24024810711428468
345,0.14026363579760462
352,0.040275743708101414
356,0.36024781981827436
372,0.020279044993980654
373,0.5702005902891015
376,0.060278807872811674
384,0.06027275099506088
390,1.5501242332625933
399,0.3902382071055087
405,0.010279104274272899
406,0.05027497427214765
411,0.06027275099506088
414,0.05027482923460339
422,0.08027745502087238
424,0.2902525905205344
427,0.1202784521910582
436,0.07026926169307042
438,0.31024661214730354
442,0.030275957274813012
443,0.10026705564406832
444,0.21025429905422716
446,0.040278926433396166
451,0.15026071161373142
456,0.14026363579760462
459,0.25027768154725905
460,4.709771842121773
466,0.010278094794647766
473,0.4202358560189624
474,0.9301960476172785
476,0.13026284913356614
477,0.3202503844715323
482,0.09026712417323567
502,0.19026313308216392
506,0.060273606188266673
510,0.09027201728494198
513,0.7901948765586366
517,0.1202784521910582
524,0.020279044993980654
538,0.370246751058357
543,1.1902119927576351
544,0.010279104274272899
547,0.5702497259238831
554,1.1301733821130924
556,0.11026755223301826
559,0.040275743708101414
568,0.6302129919801245
570,0.060270330452987804
572,0.21027791866842802
573,3.82002558379431
575,0.1202784521910582
577,0.05027467494818404
578,0.25025373486246927
590,0.9202131415114039
596,0.040275033552439894
600,0.08027868931222719
607,0.16025993292890256
608,0.34024910214490334
614,0.020279044993980654
624,0.03027898571368841
642,0.9501971858327226
656,0.4102369247788798
658,0.19027460720731426
665,0.010279104274272899
667,0.05027886715310392
671,0.2402525373667329
676,0.010279104274272899
684,0.07027339262155508
694,0.10027018634180293
695,0.1502658427729661
699,0.08027868931222719
704,0.15026327719334875
713,0.7102574488474841
719,0.07027011688627621
727,0.10027018634180293
740,0.22027785938813577
751,1.0401771688863277
756,0.07027874859251944
760,0.010278094794647766
763,0.3202455433873861
767,0.040275743708101414
775,0.13026641494393354
783,0.5502249478002268
786,0.060278807872811674
787,0.060272040839399355
795,0.09026968975285302
798,0.15027097393220076
802,0.3502770887443366
803,0.6102105634588418
805,0.23025501718909824
807,0.05027886715310392
812,0.13026470455752198
813,0.31024119091298025
816,0.010279104274272899
817,0.16027821506988923
825,0.02027702603473039
826,0.330259012911967
827,0.24025294819843085
835,0.010279104274272899
840,0.10026605541331829
842,0.18025836052718505
849,0.020278736421141953
850,0.9501941701084127
852,0.6401966747800473
853,1.3801834804767197
854,0.2702707029432781
857,0.41022167633872
858,0.03027898571368841
861,0.030276812468018794
865,0.09026712417323567
867,0.7802029561826794
877,0.05027886715310392
880,0.08027868931222719
900,0.19025985734688505
904,0.24025394842918085
912,0.12026391789348354
917,0.050278095721007166
921,0.010278949987853548
925,0.11026498665340093
929,0.2202508097522367
935,0.07026926169307042
938,0.010278949987853548
941,0.10027018634180293
944,0.020279044993980654
949,0.040275033552439894
950,0.25025148710456574
955,0.5102252369489559
963,0.4402394147764796
964,0.09027125510172032
966,1.5101235014921597
968,0.14026178037364878
972,0.16027821506988923
973,0.6502117096534955
980,0.03027898571368841
983,0.15026327719334875
984,0.05027553014138982
991,0.15026071161373142
997,0.09027125510172032
1001,0.060272040839399355
1010,0.07027874859251944
1023,0.09026712417323567
1024,0.040275743708101414
1032,0.13027839291076598
1033,0.3702394894321377
1038,0.08027075851277038
1043,0.20027161648505434
1045,0.06027275099506088
1055,0.010279104274272899
1056,0.17025871913144092
1064,0.16026462897550448
1066,0.8902354586537511
1070,0.12026391789348354
1077,0.010278094794647766
1086,0.2902508801341228
1088,0.02027788122793617
1102,0.10027018634180293
1103,0.09027863003193494
1104,0.29027058438269365
1116,2.6802632764362437
1118,0.060278807872811674
1120,0.3702769701837521
1124,0.4502307943152545
1126,1.2602162210608365
1128,0.010278949987853548
1132,0.07027011688627621
1146,0.1302684431520589
1150,0.050273819754978265
1155,0.19025643657406188
1156,0.5802209198570789
1160,0.010279104274272899
1161,0.5602297203552057
1172,0.3302474602876591
1175,0.4302396283431912
1176,0.3402364192843609
1184,3.2000089764431108
1185,0.44023741431497954
1187,0.060278807872811674
1191,0.12026477308668933
1193,2.9499709781179293
1197,0.1302678352552566
1198,0.11026911758188557
1211,10.949570370852657
1228,0.19026015667084864
1230,0.10027018634180293
1234,3.199986642626591
1239,0.18026107114434667
1244,0.030276812468018794
1249,0.030277667661224576
1250,0.7502293059815757
1253,0.20025637729376963
1264,0.030276812468018794
1268,0.0902754473066402
1271,2.789907813189367
1283,0.1702638502906756
1294,0.040278926433396166
1311,0.35024006160310517
1313,1.3801380961510403
1321,0.010279104274272899
1327,0.040274888514895635
1333,1.3401508266470932
1337,1.940071824130594
1338,0.0402765989013072
1340,0.20025878858696766
1359,0.07027874859251944
1360,3.1902602531413393
1376,0.05027785767347879
1377,0.020278736421141953
1388,0.3702394894321377
1401,0.3202704065418169
1412,0.1402667664953392
1413,0.1402660563396777
1414,2.419963085955282
1419,0.8602201152021018
1429,0.11026840742622404
1430,0.1302700085009262
1434,1.3101662471449451
1435,0.16025964285381403
1436,0.07027168223514352
1439,0.5902162517569842
1443,0.11027508144965224
1444,0.1202784521910582
1448,0.25025530021133663
1451,0.16026548416871023
1457,1.2901720333206217
1458,0.04027745409451298
1460,0.010279104274272899
1463,0.030276812468018794
1464,0.13027839291076598
1469,1.3901554453207787
1482,1.5801374056592357
1488,0.11027851147135045
1491,0.1502631321558045
1513,0.14027289788532393
1517,0.5002160433904039
1521,0.020279044993980654
1522,0.1202784521910582
1530,0.8702231773706691
1535,0.08027075851277038
1538,0.760135598889181
1540,0.44024483601080283
1548,0.020279044993980654
1556,0.020279044993980654
1576,0.15026071161373142
1578,0.010279104274272899
1585,0.040275743708101414
1590,1.4702039427835265
1597,0.06027275099506088
1615,0.060278807872811674
1616,0.24027774082755127
1618,0.21025771982705027
1622,0.11026840742622404
1627,0.11027851147135045
1632,0.10027018634180293
1640,0.020278736421141953
1643,0.040278926433396166
1648,0.33024547485821876
1676,0.020279044993980654
1682,0.19025643657406188
1686,0.05027886715310392
1688,0.5602621237714066
1694,0.35024320154971483
1702,0.020279044993980654
1717,0.5202657909142738
1720,0.19026313308216392
1740,0.29025031501600557
1744,0.16026235347097562
1760,0.11026498665340093
1761,0.010278094794647766
1763,0.2702540178847076
1774,0.05027467494818404
1782,0.11026997277509135
1790,0.1402660563396777
1791,5.2101024904312565
1794,0.020279044993980654
1800,0.970156129505995
1801,0.5902252388016748
1802,0.03027898571368841
1805,0.05027553014138982
1815,1.4301517417036445
1825,1.130168395991402
1827,0.18025750533397927
1831,0.08027075851277038
1832,0.06027617176788401
1835,0.020279044993980654
1836,0.26025508664462504
1838,0.17025700874502936
1841,0.0702747106740189
1851,3.389968235560101
1853,0.4702333528420216
1859,0.020279044993980654
1864,0.08026819293315306
1886,0.29025483429151433
1887,0.8401844409128096
1895,0.4602378423747621
1896,0.2002691919560577
1897,0.02027702603473039
1899,6.749571379504508
1901,0.23025501718909824
1904,1.1701728028892748
1906,0.020278736421141953
1910,0.03027898571368841
1913,0.22026463788107342
1917,0.3602338616839531
1920,0.040278926433396166
1931,0.3602342817645261
1934,0.20027797794872026
1935,0.2802708909593894
1937,0.37026143438039955
1938,1.310140301273683
1940,0.010279104274272899
1943,0.29024332843281503
1945,0.170278155789597
1946,0.34024981230056484
1947,0.1302671250995951
1954,0.500276199539953
1957,0.07027424781476085
1958,0.060273606188266673
1962,0.08026819293315306
1968,9.299678626289452
1971,0.4402731252000082
1972,0.21025629951572722
1978,0.040275743708101414
1980,0.2702464754322749
1984,0.03027898571368841
1986,1.3202126826537883
1989,0.4802198912966503
1990,0.6602146267845185
1991,0.09027863003193494
1994,0.08026819293315306
1997,0.050273819754978265
2002,0.3402771480246289
2004,0.29024945982279976
2009,0.4302619166691295
2026,0.05027310959931673
2028,0.370240054550255
2030,0.08027246889918195
2031,0.3202503844715323
2032,0.05027886715310392
2033,0.10026605541331829
2040,0.2202575062603387
2045,0.09026712417323567
2049,1.3601334406870988
2050,1.8201059291383823
2051,0.2702540178847076
2053,0.48026602803544277
2063,0.5802196110534902
2064,0.37024575082760697
2070,0.5202433055232312
2076,1.09017096064466
2090,0.08027868931222719
2096,0.5402213297624174
2103,0.09026898884606657
2109,0.19026313308216392
2112,0.010278094794647766
2118,0.010279104274272899
2125,0.05027553014138982
2129,0.02027788122793617
2130,0.2202566510671329
2132,0.16026235347097562
2137,0.25027768154725905
2139,0.5102322235321465
2140,0.19025985734688505
2143,0.020279044993980654
2150,0.15027827435018148
2151,3.759969570750491
2152,1.390135183139135
2154,0.3702431852479896
2155,0.18026549214791981
2158,0.8701877768547402
2160,0.4301702727842177
2184,0.26025266610255193
2185,0.21025429905422716
2198,0.02027788122793617
2212,1.0301939211990374
2227,0.6902125507410011
2231,0.2202508097522367
2233,0.1902606102812316
2235,0.18026007091359664
2244,0.6802349596236669
2246,0.020278736421141953
2247,0.07027874859251944
2254,0.12026391789348354
2258,0.020278736421141953
2259,1.690122678672014
2262,0.08027232386163768
2263,0.010278094794647766
2265,0.12026391789348354
2270,0.12026890401517396
2276,3.2399967905035947
2280,5.5599254299507095
2285,0.19026108238936476
2303,0.23025059618552512
2307,0.23027780010784354
2326,0.48024740777873104
2330,0.28025309416233446
2334,0.02027788122793617
2335,0.21025429905422716
2338,0.18026450116604487
2340,0.250253589824925
2343,1.300156358462791
2346,0.9701785095668894
2349,0.020279044993980654
2354,0.2102645388880227
2356,0.09027442857813997
2358,0.16026291858909292
2366,0.36027702946404433
2369,0.170278155789597
2373,0.19025487122519458
2375,0.05027553014138982
2378,0.13026284913356614
2389,0.6701980195093529
2390,0.6402228806622783
2397,0.4002381478252165
2405,0.10027018634180293
2413,1.8601517096688256
2419,0.3402381296707725
2421,4.219979485502605
2429,0.08027417928559352
2433,0.1402652011464719
2459,3.4999144458766374
2460,0.05027310959931673
2462,9.359325031872217
2470,1.710131773637279
2478,0.20027797794872026
2484,0.11026840742622404
2485,0.03027524711915149
2501,0.040275743708101414
2502,2.0200578979131114
2506,0.4002371383455914
2511,1.830027342903887
2513,0.02027702603473039
2527,0.6102239807559806
2539,0.1202784521910582
2543,2.9400237427034615
2547,0.4002334274976797
2551,0.060272040839399355
2555,0.7601954022853468
2560,0.020278736421141953
2572,0.17025857409389664
2578,0.02027702603473039
2582,0.5402224657818366
2596,0.030277667661224576
2598,0.08026819293315306
2601,0.040278309287718764
2604,0.09026712417323567
2605,0.3702434753230781
2612,0.4402248764919813
2616,0.010278949987853548
2620,0.11026498665340093
2623,0.7902573303029867
2626,0.8302742432903089
2629,0.08026904812635882
2631,0.6702042959368818
2641,0.3702769701837521
2644,0.020279044993980654
2646,1.800068190399259
2649,0.09027125510172032
2656,0.6901985926066797
2657,0.08027232386163768
2661,0.03027524711915149
2663,0.7302239663123365
2670,0.33025558815222034
2674,0.13026470455752198
2692,0.07027874859251944
2695,0.010278949987853548
2699,0.040274888514895635
2701,0.4302195388188852
2702,0.1402660563396777
2707,0.12026890401517396
2711,0.10027018634180293
2716,0.020278736421141953
2725,0.2702521624607518
2727,0.08027868931222719
2728,0.5402247412863654
2732,0.09026797936644146
2738,0.020278736421141953
2739,0.05027886715310392
2742,0.11026584184660669
2752,5.14998749604907
2753,0.4002419794297375
2755,1.0402164397985392
2756,1.2301276315924818
2758,0.12026320773782201
2767,0.600201675007438
2769,0.030275957274813012
2775,0.09027125510172032
2776,0.040275743708101414
2784,1.2701987333958955
2788,0.06027275099506088
2795,0.050273819754978265
2796,0.08026904812635882
2810,0.040274888514895635
2814,0.2902458940124324
2815,0.08026819293315306
2818,0.040275743708101414
2823,1.0002118080889366
2830,0.04027518783885924
2838,1.02017773180842
2841,0.10026605541331829
2844,0.05027467494818404
2853,0.08027868931222719
2857,0.1302688447348817
2864,0.3202455433873861
2866,0.010279104274272899
2869,0.1102642764977394
2873,0.3602611771140058
2874,0.28024825307818835
2898,0.02027702603473039
2904,0.020279044993980654
2905,0.170278155789597
2908,0.020278736421141953
2912,0.5702232453930248
2917,0.09026712417323567
2919,0.1602699051722834
2921,0.14026263556685456
2927,0.3102420461061861
2928,0.040274888514895635
2929,0.08027745502087238
2940,0.7002268904908473
2941,0.6402228806622783
2942,0.20025294727207144
2944,0.16026413438269754
2949,0.3302772073049211
2967,0.19027803722901251
2972,0.030275957274813012
2975,0.930195177392013
2977,0.05027553014138982
2983,0.5502213970219192
2985,0.22027785938813577
2986,0.020278035514355523
2987,0.8801939697210421
2988,0.040278926433396166
2994,0.10026862099293563
2998,0.08027075851277038
3000,0.11026911758188557
3001,0.050273819754978265
3002,0.03027898571368841
3003,0.14027833363047373
3007,0.11027431926643057
3010,0.02027702603473039
3012,1.8200954044914497
3017,0.020279044993980654
3020,0.24026150013048866
3024,0.13026284913356614
3025,0.12026764723914538
3043,0.4602378423747621
3046,0.050273819754978265
3060,0.020279044993980654
3062,0.44023384850461217
3076,0.3402693715115914
3091,0.3202503844715323
3092,0.010278094794647766
3100,0.45022380773206394
3102,0.9702734133662174
3108,0.16026235347097562
3110,0.040275743708101414
3113,0.040274888514895635
3116,0.290248604629594
3123,0.060273606188266673
3125,0.39024062764758183
3130,0.08027232386163768
3134,0.10027018634180293
3135,0.020278035514355523
3138,3.939818963354435
3142,0.26025671326992755
3144,0.13026284913356614
3145,0.06027275099506088
3147,0.16027247075190074
3148,0.16026049804701983
3150,0.07027339262155508
3157,0.010279104274272899
3160,0.33027034726152465
3162,0.18026349168641975
3166,0.1602613532402256
3180,1.4301306369165288
3186,0.03027898571368841
3187,0.060272040839399355
3188,0.03027898571368841
3195,0.1302671250995951
3196,0.20025878858696766
3205,0.24024881726994618
3206,0.6002018200449823
3216,0.10027375215217033
3218,0.02027702603473039
3221,1.0901485805837654
3224,0.54022687175335
3230,0.010278094794647766
3231,0.5102272466593312
3235,0.010278949987853548
3239,0.010279104274272899
3248,0.05027886715310392
3253,0.08027232386163768
3254,0.05027886715310392
3261,0.46023678266383794
3262,0.24024952742560773
3263,0.7801976557049656
3280,0.8002052304175427
3284,0.30025152176061704
3291,0.040278309287718764
3309,0.08027075851277038
3324,0.020278736421141953
3331,0.19025643657406188
3332,0.10026947618614143
3333,0.4002767923428754
3338,0.040274888514895635
3341,0.04027745409451298
3347,0.7402508393770244
3350,0.15025829107165833
3353,0.040275033552439894
3355,2.4200305560261803
3361,0.15027827435018148
3363,0.4302276556383103
3369,0.4902313603597311
3372,0.030276812468018794
3374,0.31025145323144965
3382,0.2502628386768457
3389,0.13026284913356614
3400,0.8801814561789788
3409,0.08027232386163768
3412,0.09027863003193494
3425,2.980030118850519
3433,0.130265704788272
3435,0.19025985734688505
3437,0.26025736214915385
3441,0.10026947618614143
3443,0.9702177416873394
3446,0.09026712417323567
3453,0.03027898571368841
3468,0.6002132068165016
3470,0.040274888514895635
3473,0.9701836407261242
3474,1.140155047750026
3481,0.03027898571368841
3483,0.06027834501355362
3487,3.2798745332469714
3488,0.17025786393823514
3494,0.3702394894321377
3502,0.23024974099231932
3507,0.060274606419016705
3512,0.030277667661224576
3514,0.4002395588876645
3515,0.5702326485313649
3532,0.8701941832877538
3533,0.5502275133798442
3538,0.030275957274813012
3545,0.04027791695377103
3548,0.22026021687750025
3549,0.010279104274272899
3554,0.030275957274813012
3560,0.07027874859251944
3563,0.45027649594141417
3564,0.010278949987853548
3566,0.7302156973971548
3571,0.23025971323570016
3576,0.030276812468018794
3578,0.05027482923460339
3579,0.7201911103608987
3586,1.8000563292021123
3587,0.10026947618614143
3592,0.010278094794647766
3597,1.5901343734333186
3598,0.08027232386163768
3602,0.020279044993980654
3604,0.02027788122793617
3610,0.6202317164864761
3613,0.13026455951997773
3616,0.3102496128395536
3623,0.1502666979661719
3638,0.4702192496701561
3639,0.14026178037364878
3648,0.34024426106075717
3649,0.010279104274272899
3650,4.089972030115637
3652,0.9801515249998297
3661,0.10026605541331829
3666,0.010279104274272899
3671,0.060278807872811674
3680,0.1902591471912235
3681,0.040274888514895635
3686,3.0499693705734297
3690,0.13027839291076598
3691,0.3002773851457978
3693,0.08027868931222719
3697,1.6001256195009184
3703,0.19026313308216392
3706,0.11027508144965224
3709,0.2702557282711192
3711,0.1002785707516427
3718,0.010279104274272899
3737,0.7002144826733336
3738,0.7902025883295485
3743,0.23025844721079647
3751,0.07027874859251944
3761,0.060270330452987804
3773,3.5799228159589402
3775,0.5702203210092698
3776,0.8501964058437254
3783,0.4502383460165622
3786,0.040275033552439894
3811,0.010279104274272899
3815,0.5202119204411289
3835,0.050273819754978265
3844,0.19026242292650236
3854,0.07026926169307042
3855,0.020279044993980654
3857,3.2100111036442867
3859,0.18026107114434667
3866,0.8701930680835788
3869,0.26024738990577295
3878,2.020150481632964
3881,0.7302176978586548
3882,0.2202508097522367
3887,1.0401689740889783
3888,0.07027874859251944
3889,0.060273606188266673
3891,0.510264259289736
3900,0.07027766858758398
3905,0.05027467494818404
3908,11.769468783224578
3915,0.05027310959931673
3919,0.4102767330625831
3920,0.49022693935615796
3925,1.7401393811639136
3927,0.060273606188266673
3933,2.1600955224997866
3937,0.4002419794297375
3941,0.0702743928523051
3947,0.12026562827989509
3966,0.36024468912053975
3986,0.470229802063714
3987,0.21027791866842802
3988,0.09027863003193494
3990,1.9200705230279205
3995,0.17026228494180828
3997,0.22020481945284803
3998,0.02027702603473039
4003,0.1302696906792124
4010,0.44023517234026066
4013,0.05027310959931673
4014,0.32023671641229956
4017,0.7202160409693508
4020,0.5802076383486092
4022,0.32024739881134195
4023,0.19027803722901251
4027,0.7601953185242376
4037,0.2202542305250598
4044,0.040278926433396166
4048,0.18025750533397927
4053,0.5902282394939249
4058,1.7600848004136378
4060,0.010278094794647766
4075,0.010278094794647766
4078,0.040278309287718764
4089,0.010279104274272899
4092,0.10026776579972986
4095,0.08026819293315306
4098,0.9001564942367415
4105,0.05027467494818404
4109,14.639317662071969
4110,0.11026498665340093
4115,0.030275957274813012
4118,0.1002785707516427
4119,0.170268836412366
4121,0.1502658427729661
4125,1.6700918987694562
4127,0.29027744442609005
4128,0.3802700508600634
4129,0.16026391881984295
4134,1.9500904046472303
4142,0.15026569773542184
4146,0.3502651372491016
4154,0.19027803722901251
4159,0.010278094794647766
4161,0.05027886715310392
4163,0.08027868931222719
4168,0.09027863003193494
4183,0.8301979024581811
4188,0.2602707622235703
4189,0.19025985734688505
4190,0.050273819754978265
4191,0.18026107114434667
4194,0.09027863003193494
4196,0.19027803722901251
4199,0.560220328262002
4208,0.040278926433396166
4221,1.2001306079253842
4230,0.7102358565257739
4233,0.13027521018547122
4239,0.47022096005656766
4240,0.7002062208163644
4252,0.010278094794647766
4257,0.11026997277509135
4264,0.36027702946404433
4265,0.5402351446554555
4266,0.16025822254249097
4272,0.24025722416445974
4278,0.09027863003193494
4283,0.40024083416144324
4284,0.30025223191627853
4316,0.4202206075788026
4335,0.420244188401242
4336,0.09026968975285302
4337,30.257523978670655
4345,0.040275743708101414
4351,0.030275957274813012
4355,0.050271399212905174
4356,0.010278094794647766
4360,0.29024261827715353
4364,0.06027275099506088
4365,0.03027898571368841
4368,0.12026648347310087
4381,1.280174654714841
4386,0.1602658447691091
4387,1.5101371053305002
4397,1.1801747197895478
4410,1.5301410390724108
4411,10.809407618403691
4417,0.9401703232919377
4421,0.060271185646193576
4424,0.3202469636987092
4429,0.0502748199857283
4434,0.1302647138063971
4438,0.7002053505910988
4453,0.030277976234063277
4469,0.25025793631626425
4473,0.4502383460165622
4481,0.16026235347097562
4492,0.060273606188266673
4497,0.4202440341148227
4498,1.80013289500781
4501,0.010278949987853548
4514,0.7601985329830814
4518,0.17025615355182358
4521,0.6902116955477952
4523,0.31025159826899396
4528,0.11026840742622404
4540,0.2502537123777955
4541,0.030278522854430355
4545,0.3602379926124378
4546,0.08027868931222719
4548,0.250253169744352
4551,0.02027702603473039
4560,0.1002785707516427
4562,0.03027898571368841
4566,0.24025223804276935
4572,0.08027868931222719
4577,1.08018369700231
4581,2.790014217099218
4582,1.050186758244518
4585,0.05027553014138982
4586,0.28025502936047575
4595,0.2602532312206692
4602,0.11026911758188557
4604,0.09026712417323567
4605,0.11026755223301826
4609,0.040275033552439894
4611,0.1402660563396777
4613,0.41023535943001244
4617,0.28026613363635217
4619,0.46023110488423613
4626,0.030278522854430355
4627,0.05027553014138982
4639,0.09026712417323567
4643,4.329964150689302
4644,0.020279044993980654
4656,0.08027868931222719
4658,0.2502504591271904
4659,0.15026071161373142
4664,0.6102218260080612
4674,0.3802769109034599
4679,0.2502638521433944
4682,0.23025501718909824
4683,0.14026178037364878
4684,0.2702454659526498
4685,0.010279104274272899
4689,0.3102464671097592
4700,0.12026391789348354
4703,0.30025152176061704
4706,0.2902530961584775
4715,0.34024426106075717
4718,1.4202604556879719
4719,0.38024297168127796
4737,0.11026498665340093
4740,0.020278736421141953
4742,0.010279104274272899
4746,0.060273606188266673
4749,0.4002421244672818
4751,0.02027702603473039
4752,0.14027833363047373
4757,0.060272040839399355
4767,0.13026370432677192
4773,0.17025857409389664
4782,1.0002234439531204
4786,0.14026107021798728
4788,0.8901763772471861
4789,0.17026213990426403
4790,0.13026385861319129
4793,0.03027898571368841
4794,0.5102391836437395
4795,0.050273819754978265
4796,0.03027524711915149
4798,0.4802344295811486
4805,0.40024615839885874
4816,0.18027809650930474
4817,0.010278094794647766
4818,0.2902478944739325
4831,0.140267621688545
4835,0.030276812468018794
4838,3.0898619465439436
4842,0.6102142743067535
4843,0.12026391789348354
4844,0.14026349076006034
4853,0.8002744211311856
4857,0.040274888514895635
4863,0.4202391317542413
4864,0.2902740144043919
4869,0.23025501718909824
4873,0.13026641494393354
4874,0.16026477401304873
4878,0.15026655292862762
4884,0.16026337219947587
4887,0.10027289695896455
4905,0.18025750533397927
4906,0.17026649564447838
4910,0.020278736421141953
4911,0.09026712417323567
4913,0.010278949987853548
4914,0.39024190292136063
4917,0.12026904905271824
4928,0.13026370432677192
4933,0.21026774409799126
4934,0.040275743708101414
4936,0.020278736421141953
4947,0.3102454668790092
4960,0.030276812468018794
4964,0.040274888514895635
4967,0.4502662058763195
4972,0.9802025314850282
4976,0.03027898571368841
4979,0.7602239837403031
4985,0.18026092610680242
4988,0.03027898571368841
4996,0.4802190361034445
4997,0.10027702788744919
5000,0.1002785707516427
5003,0.22025337533185402
5004,0.3702379240832704
5019,0.42023919303067647
5025,0.08027868931222719
5026,2.1301609008170495
5033,0.02027702603473039
5040,0.6602752510552771
5045,0.08027868931222719
5048,0.08026819293315306
5052,0.22025850649108872
5055,0.19025643657406188
5056,0.08026819293315306
5059,0.0502748199857283
5072,0.05027467494818404
5073,0.26024653471256715
5079,1.2201493850589418
5089,0.9601735919743664
5099,0.08027868931222719
5100,0.18026107114434667
5101,0.060272040839399355
5103,0.20026280800771798
5114,0.6002132125996863
5116,0.42023935656597095
5123,0.13026284913356614
5127,0.8002040534156996
5135,0.2902559182833734
5145,0.05027886715310392
5147,5.279979070170076
5148,0.12026391789348354
5151,0.1402660563396777
5155,0.020279044993980654
5157,0.14026178037364878
5158,0.5402120676746981
5162,0.24025294819843085
5167,0.3702413298240338
5170,0.020279044993980654
5175,0.07026926169307042
5176,5.269878997368066
5183,0.05027553014138982
5198,5.3298783179406755
5200,4.609929505999713
5204,1.3301560691141803
5206,0.7601985329830814
5210,0.050273819754978265
5215,0.02027702603473039
5222,0.020278736421141953
5226,0.16026462897550448
5228,0.09027863003193494
5229,1.2501343996737226
5230,0.020278736421141953
5236,0.06027275099506088
5241,0.31024903268937654
5243,0.3202401221530629
5246,0.13026370432677192
5255,0.05027467494818404
5257,0.2702491768005615
5262,0.03027898571368841
5265,0.840061098991632
5276,0.03027898571368841
5278,0.03027898571368841
5283,0.11026755223301826
5284,0.09027125510172032
5300,0.09026712417323567
5303,0.980183045870601
5311,0.010278094794647766
5319,0.6202516957780756
5320,0.040278926433396166
5322,0.15027827435018148
5324,0.2602703350847848
5340,0.26025508664462504
5344,0.11026498665340093
5345,0.13026370432677192
5350,1.4501236282484282
5353,0.11026498665340093
5362,1.300127587000943
5364,0.030277667661224576
5365,0.8102064221300943
5366,1.2601938290391712
5368,0.08027075851277038
5369,0.6002263005087419
5373,0.5502213970219192
5381,0.08026819293315306
5386,2.829986668140519
5398,0.17026527060199864
5403,3.9100076614675956
5405,0.08027868931222719
5410,0.020278736421141953
5415,0.5302270853200617
5421,0.23025501718909824
5423,1.4002674342919528
5427,0.16026904997907762
5430,0.020279044993980654
5432,0.1502649875797603
5436,0.11026840742622404
5443,0.19026450316218788
5449,0.040275743708101414
5453,0.8901939011918747
5454,0.1002785707516427
5461,0.4501417993766675
5470,0.040275743708101414
5473,0.020279044993980654
5475,0.050273819754978265
5495,0.05027886715310392
5499,0.05027886715310392
5516,0.4102339391186894
5518,0.17026059305314692
5522,0.12027075943912979
5539,0.030276812468018794
5543,0.5502124099772286
5549,0.010279104274272899
5554,1.5701357634075899
5555,0.020278736421141953
5563,0.020279044993980654
5573,0.26025266610255193
5574,0.010278094794647766
5579,1.6201315652706987
5585,0.3702346483479916
5590,1.270193661716835
5594,0.05027467494818404
5596,0.11026584184660669
5601,1.760110036129238
5604,0.010278949987853548
5611,0.3402481019141533
5617,0.11026840742622404
5620,0.47023349787956586
5621,0.26025408641387493
5640,1.850174216823427
5642,0.7702745989720624
5643,0.020278736421141953
5647,0.050273819754978265
5652,4.669785453240163
5660,0.040274888514895635
5663,0.1302678352552566
5669,0.020279044993980654
5671,0.030278522854430355
5672,0.14026363579760462
5685,0.45025316114035036
5697,1.4101309039803478
5701,1.1001780329851025
5706,0.3102773258655056
5709,0.05027467494818404
5721,0.09027847574551559
5726,0.19025643657406188
5740,0.05027886715310392
5741,0.19026754084993835
5758,0.13027839291076598
5759,0.6002618866502376
5762,1.2101607549290898
5765,0.25025429998058657
5772,0.23026008308497414
5773,0.010279104274272899
5775,0.8801983756925554
5778,1.6502693823063448
5793,0.17025857409389664
5801,0.8802115086977904
5810,0.08027075851277038
5821,0.1302678352552566
5823,1.5501135057673718
5831,0.15027827435018148
5842,0.010278949987853548
5851,0.16027821506988923
5852,3.3999163440174582
5853,0.020279044993980654
5856,0.25025373486246927
5860,0.03027898571368841
5866,0.08027232386163768
5869,0.10026947618614143
5874,0.5602394228175093
5876,0.08027417928559352
5891,0.03027898571368841
5898,0.16027821506988923
5906,0.020278736421141953
5912,0.15026327719334875
5915,0.7602060939332642
5916,0.32024616978193865
5919,1.3301394841238066
5924,3.139953910419277
5932,0.030276812468018794
5935,0.030275957274813012
5938,0.030275957274813012
5953,0.010278949987853548
5957,0.020278736421141953
5963,0.030275957274813012
5974,1.9200549024209923
5983,0.060272040839399355
5986,0.020279044993980654
5993,0.9301906263829554
5999,0.010279104274272899
6010,0.05027467494818404
6011,0.9601686208847358
6012,0.49024611022016035
6017,0.15026569773542184
6024,0.20027489222033323
6026,0.050273819754978265
6027,0.03027898571368841
6028,0.49021070571730785
6036,0.02027702603473039
6037,0.8002072158469831
6046,1.7501800205597697
6059,0.1502658427729661
6062,0.13027839291076598
6070,0.15027827435018148
6071,0.05027467494818404
6072,0.02027788122793617
6080,1.5102702122304363
6085,0.020279044993980654
6097,0.5802074933110649
6099,2.0901431828678207
6100,1.0801633324349753
6116,12.628918217200768
6120,0.08026904812635882
6129,0.25024945889644035
6133,0.07027253742834928
6136,0.020278736421141953
6144,0.03027898571368841
6146,0.010279104274272899
6150,0.010278949987853548
6157,0.010278949987853548
6167,0.2702775629866746
6169,0.07026926169307042
6174,0.02027702603473039
6181,0.4802354298118986
6182,0.35024133687688397
6187,0.08026819293315306
6188,0.05027467494818404
6192,0.38026449654896677
6195,3.0099702058212925
6200,0.22026930219412644
6208,0.08027161370597617
6211,0.07027011688627621
6214,0.6002756067370305
6216,0.040278926433396166
6219,0.8201872643073711
6228,0.4302420824150742
6232,0.5802371698030168
6234,0.040274888514895635
6239,0.5102546753933792
6245,0.07026926169307042
6250,0.040275743708101414
6251,1.7600908168301976
6252,0.40023328246013545
6256,0.4602203184300735
6262,0.10026947618614143
6266,0.03027898571368841
6268,0.010279104274272899
6269,0.010278094794647766
6287,0.470266087315735
6295,0.010279104274272899
6303,0.4302195388188852
6309,0.010279104274272899
6320,0.1302671250995951
6332,0.14027833363047373
6335,0.13026284913356614
6336,0.010279104274272899
6350,10.299332277525894
6357,0.6802247960983662
6361,0.5602161823014575
6368,0.9401895969360324
6378,0.11026840742622404
6381,0.4202358560189624
6383,0.02027788122793617
6385,0.420231289977845
6387,1.3401693093188747
6390,0.030275957274813012
6394,0.040278926433396166
6400,0.040278926433396166
6402,0.030275957274813012
6411,0.16026291858909292
6422,0.040274888514895635
6423,0.1302671250995951
6424,0.1002703313793472
6427,0.10026947618614143
6428,0.5102761402596607
6431,0.2602670593495059
6433,0.010279104274272899
6441,0.020278736421141953
6456,0.5202331402016694
6457,0.5002344225282984
6459,0.040275743708101414
6462,0.05027886715310392
6466,0.32025189958910055
6467,0.02027702603473039
6479,0.09027125510172032
6484,0.03027898571368841
6486,0.08026819293315306
6491,0.11026840742622404
6492,0.24027431080585307
6494,0.040275743708101414
6505,0.6401145213871066
6508,0.06027275099506088
6513,0.020279044993980654
6515,0.6302216739176668
6516,0.1802602159511409
6519,0.08026819293315306
6520,0.07027339262155508
6523,0.8301967479410117
6524,0.060273606188266673
6528,0.2902458940124324
6530,0.050273819754978265
6532,0.4502283922709316
6533,0.09027125510172032
6545,1.7901147606489427
6547,0.16026049804701983
6553,0.31024874261428803
6555,0.09027863003193494
6557,0.040275743708101414
6569,0.4102767330625831
6589,0.030276812468018794
6609,0.19025971230934077
6614,0.11026926261942982
6618,0.1502600014580699
6621,0.2502638521433944
6628,0.020279044993980654
6646,0.060272349412238066
6647,0.12026733866630668
6648,2.330031477895834
6649,0.07027353765909933
6652,2.969956135774111
6655,0.9201817228994917
6658,0.17027472576789876
6662,0.040278926433396166
6669,0.08027232386163768
6676,0.5602275898882211
6680,0.050273819754978265
6693,0.030276812468018794
6696,0.9601812292330443
6707,0.040274888514895635
6709,0.5202243375075177
6710,0.020279044993980654
6711,0.7202132003467048
6712,0.030276812468018794
6719,0.8301889824731103
6720,0.13026945263168405
6722,0.13026727013713935
6730,0.08027417928559352
6734,0.19026242292650236
6738,0.5202163264126424
6742,1.5801374056592357
6755,0.5102289327648079
6758,1.4101454422648463
6759,1.2202365810742817
6777,0.5302262729055409
6778,0.12026492737310868
6782,0.03027898571368841
6786,0.0402765989013072
6787,0.3502474682668687
6792,0.18025750533397927
6795,0.4502386360916507
6797,0.12026391789348354
6798,0.150263422230893
6812,0.4702530315346297
6816,0.4502383460165622
6817,0.5402284371022174
6842,0.14026349076006034
6855,0.030278522854430355
6856,0.18025750533397927
6857,0.4402327182683776
6858,0.31024959780749384
6866,0.15026655292862762
6871,0.15027827435018148
6876,0.3202704065418169
6895,0.020279044993980654
6906,0.0502748199857283
6908,0.040274888514895635
6909,2.1402654680924
6915,0.030276812468018794
6919,3.070020645048807
6920,0.05027886715310392
6922,0.45024860833503155
6927,0.03027898571368841
6942,0.010278094794647766
6944,0.8301872108102636
6947,1.9900347532730882
6951,0.1602652276234317
6956,1.0701751171237448
6960,0.31024661214730354
6963,0.220259071609206
6967,6.449735524457719
6969,0.09026712417323567
6970,0.25024845866569034
6976,0.030276812468018794
6979,0.010278949987853548
6980,0.11026498665340093
6986,0.140267621688545
6989,0.020279044993980654
7000,2.2901098496372585
7001,1.4300871821326377
7003,0.2502532997498365
7008,0.09027863003193494
7009,0.03027898571368841
7021,0.010278949987853548
7031,0.030277667661224576
7040,0.3702446205913724
7043,0.010279104274272899
7046,0.010278949987853548
7048,2.0600879169128374
7054,0.29024332843281503
7056,1.6401383997634948
7062,0.0502748199857283
7063,0.28025680501024614
7071,0.5702228102803921
7087,0.23024974099231932
7092,0.1602741771513887
7095,0.47027637738082967
7100,0.29024418362602084
7105,0.05027310959931673
7111,0.010278949987853548
7113,0.25025530021133663
7127,0.36027702946404433
7129,0.9102359436436521
7140,0.26024653471256715
7153,0.0502748199857283
7163,0.060278807872811674
7175,0.08027075851277038
7197,0.010279104274272899
7198,0.18026107114434667
7200,1.3502413206878663
7201,0.38017561658380455
7202,0.11026660402982837
7208,0.010278094794647766
7216,1.010231387434463
7221,1.9400745948759945
7223,0.140267621688545
7226,0.21027791866842802
7229,0.10027018634180293
7235,0.010279104274272899
7236,1.4401228716485093
7240,0.14027833363047373
7248,0.05027886715310392
7250,0.05027497427214765
7256,0.040278926433396166
7268,0.24025170067127735
7273,0.20027797794872026
7280,0.020279044993980654
7292,0.22027785938813577
7296,0.27026014927469233
7298,0.270265986602665
7299,0.040274888514895635
7302,0.02027702603473039
7304,0.060270330452987804
7310,0.25025102424530765
7323,1.0301835045941488
7331,0.7401837267084045
7336,0.010279104274272899
7338,1.4101337746671134
7344,0.30023985416288435
7350,0.040278926433396166
7357,0.010279104274272899
7359,0.19026256796404664
7367,0.16026462897550448
7368,1.3401167304265962
7381,0.030276812468018794
7383,0.3902382071055087
7388,3.529965229946013
7391,0.23024974099231932
7395,0.1402660563396777
7399,0.050273819754978265
7413,1.2102685606175054
7422,0.38026449654896677
7430,0.02027702603473039
7432,0.3602649064596677
7445,0.010279104274272899
7447,0.500276199539953
7453,0.8401743085998248
7459,0.08026819293315306
7467,0.2902478944739325
7470,0.010279104274272899
7484,0.060274059798649623
7485,0.09027863003193494
7489,0.5702201146952903
7490,2.3601762091930993
7492,0.2602634803033399
7493,0.3402449712164187
7496,2.2800796963291345
7497,0.08026990331956461
7499,0.4802551710559698
7518,0.10026776579972986
7528,0.010278949987853548
7529,0.5002274509771676
7537,0.030275957274813012
7543,0.08027868931222719
7548,0.040275743708101414
7551,0.020278736421141953
7552,3.500105151841586
7555,0.24025636897125396
7563,0.1202784521910582
7571,0.18026107114434667
7575,0.09026968975285302
7577,0.20027797794872026
7580,0.25025002401455765
7583,0.050273819754978265
7587,0.020278736421141953
7599,0.12026391789348354
7602,0.2302676960627171
7605,0.010278094794647766
7610,3.0200250749288085
7611,0.020279044993980654
7616,2.1000918857536206
7617,0.30024682571401506
7618,0.010278949987853548
7627,2.230100415594901
7636,0.050273819754978265
7651,0.1202640629310278
7657,0.010279104274272899
7659,0.060272040839399355
7672,0.010278094794647766
7673,0.010279104274272899
7678,3.330237288818336
7679,0.11026755223301826
7684,2.7700638380375606
7685,0.13026587757244154
7711,1.270156999162926
7717,0.040274888514895635
7725,0.030278522854430355
7726,0.020279044993980654
7736,9.869579010823344
7738,0.9301671010537665
7741,3.110152901401251
7745,5.009825468463441
7747,0.11026498665340093
7749,0.32025922647867866
7751,1.7000684278637341
7758,0.140267621688545
7759,0.5702199546256863
7760,0.060274461381472445
7761,0.2702483216073557
7766,0.2702730529600409
7770,1.6701382311714932
7776,0.03027898571368841
7786,0.40023471780351827
7788,0.020279044993980654
7794,0.6502117096534955
7797,0.020279044993980654
7798,0.46022801516892553
7799,0.44026862442224957
7800,0.030277667661224576
7802,0.4602514047094452
7812,0.07027874859251944
7814,2.560002373155302
7817,0.6402159183600226
7825,0.05027553014138982
7834,0.03027898571368841
7839,0.02027788122793617
7850,0.010278949987853548
7859,0.060273606188266673
7867,0.030276812468018794
7875,0.8701597005164936
7878,0.03027524711915149
7879,1.6701394995138912
7889,0.5102305131457349
7891,0.14026565475685487
7892,0.41023250377530657
7893,1.9100841163750373
7895,0.08027868931222719
7901,0.17025942928710244
7906,1.0501604373888622
7912,0.7302037397243335
7917,0.5502389209666079
7924,0.020279044993980654
7927,0.040278926433396166
7936,3.5200125485161573
7937,0.03027898571368841
7943,0.08027075851277038
7945,1.3101475929640218
7946,0.2802170610742669
7949,0.6902114205047664
7950,2.7799765000232863
7952,0.02027788122793617
7958,0.03027524711915149
7959,0.48022873330379656
7962,0.15027827435018148
7966,0.1402660563396777
7969,0.2602569420685808
7975,0.10027375215217033
7977,0.10026807437256857
7980,0.08027075851277038
7983,0.6102155495805323
7986,0.11026755223301826
7994,0.5602628564117419
8001,0.16026049804701983
8002,1.1801674674122036
8012,0.7202132003467048
8013,0.5002168985836097
8018,0.20026206432224652
8024,0.07027339262155508
8025,1.0201748761537142
8034,0.13027839291076598
8045,1.1701188107438858
8047,0.13026470455752198
8056,0.4502383460165622
8060,0.060272040839399355
8063,0.010278949987853548
8082,0.16027790649705054
8086,0.10026605541331829
8096,0.23026146640079675
8097,0.3002773851457978
8103,0.11026997277509135
8104,0.17025942928710244
8108,0.1302678352552566
8116,0.040275033552439894
8121,0.11026840742622404
8127,0.040278926433396166
8138,0.17026285005992556
8141,0.020278736421141953
8143,0.3202455433873861
8145,2.9599659535311904
8146,0.13027311145203552
8148,0.1902622778889581
8158,1.920067165200962
8160,4.6299078309997315
8162,0.02027702603473039
8166,0.020279044993980654
8171,0.060272040839399355
8176,0.27024717633906137
8177,0.4302378249467955
8183,0.33024618501388037
8184,0.02027788122793617
8186,0.7902082846069004
8187,0.2502567205226597
8190,0.3002422596728977
8192,0.020279044993980654
8193,0.010278949987853548
8194,0.1702671873023897
8195,0.22025765129788294
8197,1.1501879146197684
8203,0.22026433457018624
8207,0.05027310959931673
8212,6.349573500707899
8217,0.08027075851277038
8233,0.010279104274272899
8245,0.020278736421141953
8248,0.8801915584278441
8256,0.19025900215367925
8261,0.2202508097522367
8268,0.13027839291076598
8269,0.060274606419016705
8272,0.23026558409348274
8277,0.07027253742834928
8278,2.480017647616201
8283,0.07027874859251944
8295,0.3102773258655056
8305,0.22027396650717948
8309,2.2800668984951677
8313,0.17025971936219098
8340,0.140267621688545
8344,0.1202784521910582
8345,0.6301984687276859
8346,0.030276812468018794
8353,0.03027898571368841
8361,7.059700624888585
8363,0.060272040839399355
8367,0.040274888514895635
8376,0.060274606419016705
8379,0.5902203977175287
8383,0.040274888514895635
8384,0.02027702603473039
8392,0.2902508801341228
8394,0.3602436888897897
8414,0.020278736421141953
8416,0.07027168223514352
8418,1.4601301932814985
8429,0.2402538033916366
8448,5.2398819253009385
8456,0.7602126211228871
8457,0.020279044993980654
8463,0.040278926433396166
8466,0.5902297395794334
8474,1.5301283411798086
8476,0.020279044993980654
8483,2.3100575082766373
8487,0.07027339262155508
8494,0.3902382071055087
8499,0.9401587706676298
8501,0.3702410640298801
8502,0.450231084390343
8503,0.09026883455964722
8505,0.7702016136493988
8509,1.4201647302252483
8515,0.03027898571368841
8528,0.31025045300069964
8534,0.02027702603473039
8539,0.1302671250995951
8545,0.19026527858120823
8546,0.010278949987853548
8552,0.13027839291076598
8558,0.020279044993980654
8560,0.030276812468018794
8561,0.11026498665340093
8574,0.010278094794647766
8577,0.05027886715310392
8582,0.060278807872811674
8585,1.130179208395929
8588,0.23025345184023094
8601,0.16027821506988923
8603,0.1002785707516427
8616,0.18026463695471406
8617,0.39024346827022793
8618,3.1798690993630947
8621,0.25025273463171926
8623,0.010278094794647766
8624,0.010278094794647766
8626,0.09026712417323567
8627,4.219850061253443
8635,0.19026085757763506
8638,0.1302678352552566
8640,0.07027268246589355
8648,0.43023236671697196
8662,0.20025380246527724
8673,0.09027125510172032
8676,2.380048581216762
8690,0.09026712417323567
8702,0.010278094794647766
8704,0.02027788122793617
8715,0.21027791866842802
8717,0.5702228102803921
8723,0.30025202739856016
8724,0.25025373486246927
8725,0.3202458334624746
8731,0.03027898571368841
8738,0.09026726921077992
8741,0.10026605541331829
8749,0.16026235347097562
8752,0.11026584184660669
8755,0.05027886715310392
8757,0.3402445361037859
8759,0.0702743928523051
8762,0.08027868931222719
8763,0.27025629338923646
8767,0.5902122808981035
8774,0.03027898571368841
8783,0.040278926433396166
8790,0.060278807872811674
8800,9.179330623201276
8801,0.19027803722901251
8812,0.5502112797409942
8818,0.2702521624607518
8819,0.580227196284608
8820,0.3002509566424998
8821,0.8901864945281113
8829,0.32024073004986525
8833,0.16027821506988923
8840,0.09027863003193494
8846,0.3802329994378972
8850,0.8300113363680145
8856,0.03027898571368841
8857,0.3602359921509377
8864,0.08027004835710887
8865,0.5602236039972808
8867,0.03027898571368841
8869,0.2802509486632902
8874,0.03027898571368841
8878,0.24024952742560773
8881,1.2901444098389634
8891,0.10026605541331829
8897,0.040278926433396166
8899,0.11026840742622404
8902,0.07027339262155508
8907,0.010278094794647766
8910,0.020278736421141953
8923,0.050273819754978265
8925,0.11026498665340093
8927,0.26025266610255193
8930,0.08027232386163768
8934,0.05027886715310392
8943,0.02027702603473039
8950,0.020279044993980654
8951,0.3702769701837521
8953,0.040278926433396166
8954,0.7102045869383298
8957,0.660212916398107
8960,0.060278807872811674
8970,1.5001435502285616
8976,1.6801253400061906
8978,0.07027874859251944
8992,0.07027874859251944
8995,0.18027809650930474
8999,0.9902341221653572
9006,0.3502668916892261
9008,0.30024883542439024
9009,1.4501393395478461
9019,0.8701863993221022
9026,0.020278736421141953
9030,0.31025074307578815
9031,0.26025679703103655
9032,0.7002173232959797
9034,0.03027898571368841
9040,0.05027770338705943
9044,0.18027809650930474
9047,0.010279104274272899
9052,0.010279104274272899
9054,0.3202401221530629
9056,0.7202322129373642
9070,0.12027004928346827
9071,0.87027400616914
9075,0.2902458940124324
9081,3.870246127285215
9084,0.010279104274272899
9086,0.8902019250013157
9091,0.0502748199857283
9096,0.02027702603473039
9105,0.14026178037364878
9116,0.020279044993980654
9126,0.18026107114434667
9136,0.18026107114434667
9138,0.0502748199857283
9139,0.20025651308243883
9141,1.210160686073209
9146,0.010278949987853548
9149,0.08027868931222719
9151,0.11026840742622404
9163,0.03027898571368841
9171,1.0101805294524993
9176,1.0201698062709148
9181,0.05027886715310392
9189,2.3899881469909374
9196,0.05027467494818404
9198,0.08027448785843222
9204,0.4202358560189624
9207,0.020279044993980654
9210,0.030275957274813012
9213,1.3501470825960853
9217,0.030275957274813012
9218,0.3102393505210842
9222,0.1002785707516427
9242,0.2602776222669668
9247,0.3302567519182648
9248,0.07027168223514352
9249,0.05027467494818404
9256,0.060272040839399355
9260,0.010278949987853548
9266,0.6502117096534955
9267,0.12026391789348354
9268,0.310255019041817
9275,0.040278926433396166
9276,0.09026712417323567
9286,0.5502288036856828
9287,0.11026498665340093
9295,0.26025266610255193
9302,1.1502074870665937
9318,0.040278926433396166
9323,0.05027553014138982
9326,0.08027246889918195
9329,0.040273477452447685
9336,0.6602166122139589
9337,0.010278949987853548
9338,3.1600332721161974
9339,0.2802775037063823
9349,0.6102239564750458
9350,0.08027324033127871
9352,0.7102147042192548
9355,0.3902382071055087
9359,0.06027819072713428
9363,0.14027833363047373
9364,0.010278949987853548
9371,0.6502078537680396
9376,0.9901894900202299
9379,0.040278926433396166
9381,0.010278949987853548
9382,0.32025923174063015
9388,5.079869882838458
9392,0.18026007091359664
9393,0.5801405883582841
9395,0.20026206432224652
9399,2.9499595226173607
9408,0.5102372096538369
9410,0.48022873330379656
9414,0.7201807272858198
9419,0.15026413238655456
9420,0.20026206432224652
9421,0.28025123873837865
9423,0.2802509486632902
9428,0.5702757845779072
9431,0.1002785707516427
9432,0.15024547820563136
9436,0.670245968893416
9438,0.49023549128821575
9442,0.09027085351889749
9448,0.16027821506988923
9459,0.11027820289851176
9462,0.3202772665852133
9463,0.03027898571368841
9471,0.5102248018363232
9487,0.03027898571368841
9490,0.11026840742622404
9492,0.030275957274813012
9500,0.2202623901231699
9503,0.7202109248421759
9507,0.9302363945475017
9513,0.09027863003193494
9515,2.050159874973879
9520,0.5302578938445088
9523,0.23025501718909824
9532,0.05027886715310392
9534,0.25025530021133663
9536,0.35027022870094016
9537,0.2702454659526498
9544,0.1402749036087755
9546,0.4502384910541065
9547,0.20027797794872026
9548,0.07027874859251944
9556,0.24024867223240193
9569,0.03027898571368841
9574,2.1100619771972076
9577,0.19025985734688505
9578,0.08027075851277038
9579,0.740225299596742
9580,0.2402503826188135
9582,0.060273606188266673
9586,0.07027339262155508
9599,0.2702540178847076
9600,0.10026947618614143
9603,0.2902478944739325
9613,0.12026904905271824
9623,0.040278926433396166
9624,0.12027223177801297
9626,1.8800210474354198
9634,0.060278807872811674
9640,0.010279104274272899
9646,0.5302273251638511
9652,0.02027702603473039
9653,0.9002035536227613
9654,1.1301638149182247
9662,0.15026327719334875
9663,0.9502238721563272
9681,0.2702775629866746
9686,0.09026797936644146
9690,0.25025429998058657
9691,0.3802458273359839
9696,0.05027886715310392
9712,0.13026470455752198
9716,1.4502705679121897
9720,0.18025921572039086
9723,1.1302485181967519
9725,0.12026391789348354
9727,0.7402119180200757
9747,0.08026904812635882
9753,0.6502300887913899
9758,0.16027821506988923
9766,0.12026391789348354
9781,0.7002750139341081
9786,0.2702540178847076
9790,0.5302072858708441
9796,0.050273819754978265
9806,0.170272954105052
9808,0.08027868931222719
9811,0.23025501718909824
9813,0.040278926433396166
9816,0.060278807872811674
9819,0.11026584184660669
9820,1.1801475136765667
9822,0.6002063560219802
9824,0.09027863003193494
9829,0.2002658549443436
9832,0.520233430276758
9839,5.229885544573405
9843,0.6102154993492331
9845,0.9101827916594092
9851,0.23025345184023094
9858,0.020279044993980654
9866,2.1200565024657765
9874,0.05027310959931673
9877,0.9802183013489857
9882,0.03027898571368841
9884,0.040275743708101414
9888,0.050273819754978265
9892,0.05027886715310392
9910,0.09027015261211108
9911,0.3202559507433998
9914,0.34024426106075717
9929,0.5702085620709824
9930,0.31024959780749384
9936,0.2102611405998734
9942,0.010278094794647766
9945,0.020279044993980654
9947,0.060278807872811674
9956,0.25025031408964615
9959,0.05027886715310392
9963,0.37023577858422607
9964,0.020279044993980654
9965,0.010279104274272899
9967,0.7602746582523546
9970,0.3702330829991243
9974,0.21025629951572722
9979,1.010191250643303
9986,0.02027702603473039
9987,0.09026983479039727
9991,0.17025857409389664
9998,0.3702471024098808
10000,0.08027838073938848
10003,0.7102171097292681
10009,0.030278522854430355
10010,0.11026840742622404
10031,0.5902064245511476
10035,0.07027874859251944
10039,0.03027898571368841
10049,0.17025857409389664
10052,0.02027702603473039
10054,0.5402194801216462
10055,0.10027018634180293
10065,0.030273536732739928
10066,0.060270330452987804
10069,1.220176862228028
10070,0.19025985734688505
10071,0.07027182727268777
10073,0.010279104274272899
10093,2.630006405147194
10111,0.07027874859251944
10114,1.030208015122028
10118,0.12026733866630668
10119,1.7602065163225695
10124,1.220173300404584
10142,0.06027275099506088
10143,0.19025643657406188
10149,0.010278949987853548
10150,0.11027851147135045
10151,0.08027246889918195
10154,1.6101389439879552
10162,0.020279044993980654
10163,0.2102744886467298
10165,0.02027702603473039
10167,0.780204517544623
10168,0.07027874859251944
10169,0.12026890401517396
10170,0.2802519488940402
10171,0.13026470455752198
10172,0.0702747106740189
10174,0.05027886715310392
10183,0.08026819293315306
10189,0.26025266610255193
10190,0.15026071161373142
10191,0.05027467494818404
10194,0.46023058074854284
10217,0.920166314389728
10223,0.1402660563396777
10227,1.1402269287868192
10232,0.13026470455752198
10236,0.060274606419016705
10240,0.39024390338286075
10243,0.27024632114585556
10244,0.42022701401181606
10246,0.050271399212905174
10247,0.020278736421141953
10248,0.020278736421141953
10249,0.02027702603473039
10253,10.609107573103195
10271,0.19026747032462804
10279,0.4502383460165622
10283,2.82003771887395
10291,0.5802419646427873
10294,0.3302772073049211
10296,0.4802763181005374
10297,0.2802775037063823
10313,0.11027353858545873
10317,0.03027898571368841
10322,0.08027868931222719
10328,0.010279104274272899
10338,0.1502691797846802
10341,1.5601165829679988
10347,0.35024490268725134
10348,0.5702119828438055
10357,1.0201817176993604
10368,0.6102209708148555
10370,0.060273606188266673
10375,0.1002785707516427
10378,1.1401657636788782
10381,0.6101843575766108
10384,0.7302091308945373
10388,0.09026968975285302
10391,0.2902525905205344
10397,0.29025638114263147
10405,0.010278094794647766
10415,0.02027702603473039
10418,0.430178534641187
10426,0.02027702603473039
10431,0.020279044993980654
10433,0.07026926169307042
10434,0.11027851147135045
10435,0.020279044993980654
10439,0.6302226741484168
10440,0.030275957274813012
10441,0.3502422071021495
10445,3.020013871105969
10449,0.020279044993980654
10453,0.490228519737085
10466,0.18025921572039086
10469,0.1802639545456778
10470,0.02027702603473039
10472,0.40024083416144324
10475,0.010279104274272899
10480,0.930195177392013
10483,1.7901364213053008
10486,0.13026470455752198
10504,0.8502056644657543
10507,0.12026391789348354
10512,1.230134618175672
10519,0.38023600013014724
10523,1.3301579932671854
10528,0.2902467492056382
10529,0.1202784521910582
10531,0.09026968975285302
10532,0.11026498665340093
10539,0.10027018634180293
10540,28.317778193552808
10544,0.14026434595326615
10545,0.010278949987853548
10546,0.630231591942825
10547,0.03027898571368841
10552,0.07027339262155508
10556,0.08027075851277038
10557,0.2502567205226597
10564,0.5202281540799789
10571,0.07027353765909933
10573,0.08027232386163768
10576,0.15026569773542184
10577,0.010279104274272899
10583,0.18027809650930474
10589,0.07027353765909933
10592,0.15027484432848326
10594,0.0502748199857283
10601,0.5802332941447828
10605,0.02027788122793617
10607,0.02027788122793617
10625,0.7501859984258915
10632,0.2702521624607518
10633,0.29026375607284605
10639,0.3602342817645261
10646,1.7801767522497876
10647,0.9002221015579015
10652,0.040278926433396166
10659,0.3702570001410277
10661,2.110037367876159
10662,0.11026911758188557
10666,0.7702095669335294
10668,0.03027898571368841
10669,0.19025814696047347
10680,0.10026605541331829
10687,0.6602174674071646
10691,0.17025857409389664
10704,0.11026584184660669
10707,0.140267621688545
10709,0.2802609504495574
10710,0.13026284913356614
10721,0.040278309287718764
10722,0.19027803722901251
10724,0.020278736421141953
10729,0.08027232386163768
10730,0.09027125510172032
10734,0.11027851147135045
10739,1.8601097928815786
10743,0.09026712417323567
10748,0.03027898571368841
10749,0.14026862191929504
10752,0.03027898571368841
10761,0.15027827435018148
10762,0.34025569240722253
10768,1.3002680270948752
10773,0.040275033552439894
10774,0.020279044993980654
10788,0.09027125510172032
10791,0.030276812468018794
10795,0.19025985734688505
10805,6.67953745519024
10825,0.11027189872435748
10827,0.010278949987853548
10828,0.5502759031384917
10833,0.010278094794647766
10834,0.05027886715310392
10839,0.12026320773782201
10841,0.2802443971927324
10846,0.1102780486120924
10860,0.07027874859251944
10874,0.08027868931222719
10876,0.21025515424743293
10890,0.02027702603473039
10897,0.05027886715310392
10900,0.020278736421141953
10909,1.6201285888593835
10913,0.040275743708101414
10916,0.6302239644542554
10917,0.5102761402596607
10941,0.11026840742622404
10949,0.21025475266461008
10957,0.12026733866630668
10964,0.09027068998360306
10966,0.9501822274676512
10969,0.05027396479252252
10971,0.21026742228935388
10974,0.1402667664953392
10978,0.2602776222669668
10982,0.020279044993980654
10985,0.22027785938813577
10992,1.1401582957386796
10997,0.6202754881764461
10998,0.010278949987853548
11005,1.2101661391679128
11007,0.03027898571368841
11011,0.18027809650930474
11012,0.3602458193567743
11018,0.09027125510172032
11020,0.7202550051049846
11021,1.190171100482073
11027,0.0702743928523051
11034,0.09026968975285302
11043,0.10026666331012062
11044,0.3902359316009799
11050,0.09026712417323567
11051,0.040278926433396166
11052,0.2902478944739325
11058,0.010279104274272899
11059,0.09026797936644146
11063,0.010278949987853548
11067,0.13026284913356614
11068,0.010278949987853548
11072,0.08027232386163768
11074,0.1202784521910582
11081,0.5102149746304866
11084,0.050273819754978265
11086,0.18026420184208128
11096,0.18027809650930474
11097,7.859896980127144
11105,0.10027018634180293
11107,0.050271399212905174
11109,0.11026498665340093
11115,0.11027851147135045
11120,0.34025523353488807
11125,0.020279044993980654
11135,0.1302671250995951
11146,0.6802297209436213
11152,0.26025508664462504
11155,0.3002773851457978
11165,1.8800817175911606
11166,0.14026363579760462
11170,0.010278094794647766
11174,0.040274888514895635
11177,0.010278094794647766
11181,1.9200758772026236
11184,0.7702176947980905
11189,0.040274888514895635
11198,0.8302068501898769
11199,0.4802295752612037
11215,0.05027467494818404
11216,0.08027745502087238
11223,0.7802113387962581
11226,0.02027702603473039
11228,1.7300974589148328
11233,0.05027886715310392
11234,0.12026477308668933
11238,0.2702741329649764
11240,0.07027874859251944
11246,0.7201966616007064
11254,1.3801334301685582
11256,0.10027639750597309
11259,3.579940382555482
11263,1.6800950608793883
11273,0.3902621537902985
11279,1.0002512739105982
11280,0.9801834364082876
11286,1.5001298370731493
11289,0.20025878858696766
11295,0.02027788122793617
11308,0.6501966062508799
11313,0.0702743928523051
11321,0.05027886715310392
11323,0.8901695206694801
11326,0.3902382071055087
11327,0.13027839291076598
11336,0.18026107114434667
11337,0.39023748191778745
11338,0.36024425400790705
11340,0.13026470455752198
11344,0.060278807872811674
11347,0.2902533006761959
11354,0.07027339262155508
11356,3.4699212589491815
11359,0.6601961026090799
11360,0.07027874859251944
11363,0.08027232386163768
11364,1.6900471466268763
11365,0.5502266581866384
11367,0.640212367581715
11370,0.30024640563344207
11377,0.5702242456237749
11378,0.5302188234630923
11379,0.5502221164264559
11391,0.20026768788362562
11392,0.03027898571368841
11412,0.40024412492878186
11416,0.4002371383455914
11422,0.6502218119023608
11425,0.010278949987853548
11426,0.8201951060837673
11431,0.020279044993980654
11432,0.030278522854430355
11448,0.08027090355031465
11456,0.0702743928523051
11461,0.08027868931222719
11463,0.02027788122793617
11467,1.1501575765340248
11475,0.030275957274813012
11480,0.020279044993980654
11483,0.23025618095514275
11489,0.03027898571368841
11497,2.040114516919915
11498,0.15026327719334875
11503,0.280246107579144
11504,0.05027886715310392
11505,0.140267621688545
11515,0.11027182819904717
11519,1.1002118346223542
11521,0.3202466736236207
11525,0.11026855246376831
11527,0.040278926433396166
11528,0.060272040839399355
11531,0.1902572917672677
11539,0.2102744886467298
11543,0.810193464226523
11544,0.3802377105165588
11558,0.03027898571368841
11561,0.11027026285017986
11563,0.2402553687405039
11564,0.42022701401181606
11565,4.619927289907672
11566,0.08027075851277038
11578,0.030276812468018794
11579,1.4301273611812497
11582,1.590068661662637
11585,1.760190487201438
11587,0.2202508097522367
11594,0.05027886715310392
11595,1.2201529208051896
11602,0.12026890401517396
11605,0.5302671559322283
11610,0.960209525121069
11615,0.2802419916827191
11622,0.3302439095093515
11623,1.0801310044116346
11645,2.6100218392075583
11651,1.05018420769696
11669,0.21025273370535985
11671,0.07027339262155508
11673,0.08027161370597617
11675,0.010278094794647766
11678,0.030278522854430355
11682,0.14026768296498024
11689,0.8602379640267168
11691,0.13027839291076598
11695,0.05027467494818404
11704,0.09027863003193494
11707,1.69010121161507
11714,0.040274888514895635
11723,0.2102744886467298
11736,0.11027851147135045
11738,0.060278807872811674
11739,0.13027092497056722
11741,4.319839744151609
11752,0.14027833363047373
11756,5.63964686975804
11763,0.08027868931222719
11765,0.09026712417323567
11769,0.040275033552439894
11773,0.08027232386163768
11774,0.3102704658221091
11779,0.140273739842731
11783,0.12026890401517396
11789,1.4401401656463486
11791,0.0702743928523051
11795,0.12026890401517396
11797,0.09027125510172032
11810,0.05027886715310392
11811,0.05027467494818404
11812,1.6901436973805264
11817,1.1601898452770734
11821,0.05027886715310392
11826,0.12026391789348354
11828,0.15026327719334875
11834,0.2702454659526498
11840,0.010278949987853548
11843,0.26024738990577295
11845,0.3602525308969361
11855,0.4302195388188852
11858,0.18025679517831777
11870,0.14026363579760462
11888,0.7401995344834968
11893,0.19027803722901251
11896,1.2002720499194959
11898,0.020279044993980654
11899,0.21026185075553494
11903,0.7802042649862682
11910,0.6802092378103397
11916,2.619973401967549
11919,0.02027788122793617
11921,0.5602140518344729
11926,0.020279044993980654
11927,0.030276812468018794
11929,0.6801943851698181
11932,0.03027898571368841
11948,0.040275743708101414
11960,0.25025701059774813
11973,0.020279044993980654
11974,1.980076639042539
11975,0.060278499299972976
11976,0.3302465028355941
11980,0.09026712417323567
11983,0.31024475672334767
11984,0.5402117683507345
11987,0.3202772665852133
11991,0.3502470331542359
11992,0.10027047641689146
11993,0.3102366601979339
12003,0.19026203059255464
12004,0.6402169093418976
12010,0.030276812468018794
12012,0.21025786486459452
12019,0.10026605541331829
12024,0.17026213990426403
12036,0.13026284913356614
12041,0.040275033552439894
12043,0.07027339262155508
12045,0.02027788122793617
12048,0.08027075851277038
12051,0.450231084390343
12052,0.040278926433396166
12056,2.2701660428964114
12061,0.38023600013014724
12064,0.010278949987853548
12067,0.030276812468018794
12072,0.6702751917749848
12074,1.190171100482073
12082,0.060273606188266673
12083,0.2602776222669668
12085,0.02027702603473039
12086,0.1002785707516427
12089,0.08026904812635882
12092,1.9400773390229664
12096,0.03027898571368841
12097,0.040278926433396166
12110,0.3902512038008414
12113,0.06027275099506088
12114,0.5302325065543848
12119,0.32024938424078225
12120,0.020279044993980654
12126,0.14025794876912775
12128,0.5702225352373633
12130,0.09027847574551559
12135,0.15027827435018148
12136,0.09026712417323567
12138,0.26026107299706547
12140,1.060135408187123
12141,0.060273606188266673
12144,0.060277798393186546
12146,0.06027275099506088
12154,0.2202663535294365
12157,0.16026235347097562
12159,0.2702454659526498
12163,0.2302564375004213
12171,0.5302333617475906
12182,0.03027898571368841
12188,0.020279044993980654
12200,1.4801806063860836
12203,1.2499650373890367
12209,0.11027851147135045
12211,0.040274888514895635
12215,0.4801740460348059
12219,1.090248691850823
12227,0.08027868931222719
12234,0.18025750533397927
12236,0.09027863003193494
12243,0.5901802579819113
12245,0.17026199486671978
12247,2.210030940062758
12260,0.1302678352552566
12263,0.4402765552217064
12264,0.11026755223301826
12267,0.48024676814837985
12279,0.05027855858026522
12284,0.0702743928523051
12290,0.2902533006761959
12291,0.5902302544662515
12297,0.060272040839399355
12298,0.09026797936644146
12299,1.3201325903507182
12303,0.2502708215038626
12304,0.6002250252349632
12318,0.14026620137722196
12319,0.1302678352552566
12324,0.020278736421141953
12326,1.5602699158289752
12330,0.3202432678828573
12336,0.020279044993980654
12341,0.13026284913356614
12344,0.18025936075793508
12349,0.34024728025075746
12362,0.060278807872811674
12394,0.020278736421141953
12395,0.040278926433396166
12407,0.5702201146952903
12410,0.2502609127275795
12411,0.010279104274272899
12417,0.010279104274272899
12428,0.010279104274272899
12431,0.020279044993980654
12458,0.9501976059132955
12460,0.19026242292650236
12461,2.670029181539684
12463,0.05027553014138982
12469,1.3801157461542655
12471,0.010278949987853548
12475,0.12026562827989509
12476,0.020279044993980654
12484,0.17025786393823514
12493,0.3902382071055087
12498,0.7801891338370273
12503,0.020279044993980654
12512,0.12026477308668933
12513,0.140267621688545
12516,0.07027874859251944
12519,0.020278736421141953
12523,0.040274888514895635
12529,0.5102236716000887
12530,0.020278736421141953
12538,0.010279104274272899
12547,0.02027788122793617
12555,0.05027886715310392
12559,0.010278094794647766
12567,0.010278094794647766
12569,0.3402449712164187
12579,0.05027467494818404
12580,0.3002498113742055
12581,0.050271399212905174
12585,0.22025337533185402
12593,0.11026840742622404
12598,0.4102309384264393
12603,0.5602096308308997
12619,1.1301567619234791
12631,0.11026997277509135
12635,0.10027018634180293
12642,0.10026947618614143
12651,0.15027827435018148
12652,0.42022417338916995
12656,0.14026363579760462
12668,0.060274461381472445
12683,0.5502213970219192
12686,0.20026235439733503
12696,0.5402324953147292
12702,0.2702540178847076
12703,0.19025985734688505
12707,0.03027524711915149
12709,0.43025064885795866
12711,0.16027247075190074
12712,1.4001675597973955
12713,0.040274888514895635
12716,0.25024760347248454
12721,0.5102149746304866
12722,0.26025266610255193
12728,0.15027079716110764
12729,0.16026049804701983
12730,0.14027833363047373
12731,0.150263422230893
12734,0.010279104274272899
12741,0.05027886715310392
12743,0.25025429998058657
12744,2.200062300537212
12747,0.06027275099506088
12750,0.020279044993980654
12751,0.040278926433396166
12754,0.3402428407494341
12757,0.03027898571368841
12762,0.5402203202827923
12764,0.2902450388192266
12765,0.07027874859251944
12770,0.7102142691066221
12771,0.1102746185903942
12772,0.10026947618614143
12778,0.19026085757763506
12781,0.2802775037063823
12783,0.030276812468018794
12786,0.06027275099506088
12798,0.39024233803399344
12812,1.6701607470210569
12814,0.4402386728872692
12822,0.1202784521910582
12823,1.6501151202611621
12827,0.040278926433396166
12828,0.7302350890859631
12832,0.39026656155807293
12833,0.08026990331956461
12840,0.010278949987853548
12842,0.4302363618567875
12846,0.460236455593249
12850,1.2601560299446097
12851,0.25025530021133663
12855,0.21025358889856563
12868,0.030276812468018794
12879,1.290165529010074
12883,0.8401782852418902
12885,0.23027780010784354
12889,0.040278926433396166
12892,0.3402445361037859
12895,0.6302208187244609
12898,0.020278736421141953
12899,1.220164343424013
12901,0.1202784521910582
12913,0.29027744442609005
12915,2.0701200799313364
12937,1.61015224474797
12940,0.890167100127407
12941,0.010278094794647766
12952,0.5002160433904039
12954,0.32025052950907656
12958,0.020279044993980654
12961,0.16027362128214653
12966,17.279002828120817
12970,0.1402749036087755
12977,0.3402458264096244
12984,0.3302474602876591
12986,0.1602726118025214
12989,0.020279044993980654
12990,1.19020090877577
12997,0.4002371383455914
13000,0.08026904812635882
13010,0.010278094794647766
13012,0.1302671250995951
13046,0.2702454659526498
13048,0.0402765989013072
13053,1.6901170772009073
13055,0.14026263556685456
13059,0.2702540178847076
13064,0.6002238799666689
13070,0.36024781981827436
13077,0.7302075655456699
13087,0.020278736421141953
13090,0.030276812468018794
13092,0.050273819754978265
13094,0.11026911758188557
13095,0.2902478944739325
13107,0.2602651069286424
13111,0.05027467494818404
13112,0.010278949987853548
13114,1.1701723828087018
13115,0.7602174547544192
13121,0.6102119837701648
13123,0.6902070145332531
13135,0.18027809650930474
13149,0.2402553687405039
13154,0.18025679517831777
13161,0.010278094794647766
13164,0.06027275099506088
13173,0.410229793158145
13180,0.16026477401304873
13186,0.2902508801341228
13189,0.14026178037364878
13190,0.7002120621312606
13196,0.010278949987853548
13206,1.0901548720433543
13208,0.010278949987853548
13209,0.2102611405998734
13212,0.030278522854430355
13214,0.16026462897550448
13218,2.4700051302817325
13222,1.7502127149666937
13228,0.45023363493790053
13236,0.07027874859251944
13247,0.7201911103608987
13253,1.2801478991409538
13261,0.05027886715310392
13267,0.05027855858026522
13269,0.28027407368468416
13273,0.03027898571368841
13288,0.040275033552439894
13289,0.41023677974133554
13291,0.18026107114434667
13295,0.20025878858696766
13301,7.319516316536173
13321,0.050273819754978265
13325,0.2702775629866746
13333,1.2201742966484106
13336,0.030275957274813012
13345,0.19026249345181268
13353,0.16026462897550448
13355,0.46023243617249865
13356,0.010278094794647766
13359,0.060278807872811674
13364,0.02027702603473039
13367,0.35024490268725134
13370,0.530219258575725
13371,0.2902478944739325
13374,0.26026394316259793
13376,3.6199491760114837
13378,0.060278807872811674
13381,4.329888992515371
13387,5.049773994875214
13389,0.05027886715310392
13394,0.0702743928523051
13396,0.990191330412126
13397,0.26024653471256715
13401,0.20025722323810036
13408,1.3201013590338022
13412,0.7801976557049656
13417,0.4002419794297375
13418,1.370202855137325
13422,0.18026107114434667
13423,0.020279044993980654
13424,0.4702201048633619
13433,1.0201698900320237
13437,0.21025771982705027
13453,0.5602297203552057
13461,0.10026947618614143
13462,0.05027553014138982
13464,0.14026363579760462
13467,0.1802633466488755
13468,0.10026605541331829
13471,0.05027886715310392
13474,0.010279104274272899
13475,0.010279104274272899
13483,0.3602522408218475
13486,0.03027898571368841
13492,0.5402224657818366
13502,2.2300684529476857
13504,5.469836968048528
13509,1.860078929117544
13514,0.15027695629771765
13519,0.7401998153097102
13523,0.9301508674149164
13524,0.7302001588819065
13528,0.8901877698018901
13536,0.16025964285381403
13567,0.3802329994378972
13573,0.9601797083322914
13575,0.5702115627632325
13576,0.25027768154725905
13577,0.15027827435018148
13579,0.030275957274813012
13581,0.020279044993980654
13584,0.11027851147135045
13586,0.29027058438269365
13587,0.2302564375004213
13592,82.53226947448739
13597,0.040274888514895635
13603,0.060273606188266673
13604,0.1002614206431516
13612,0.34024426106075717
13622,0.38024832765224237
13625,0.07027424781476085
13627,0.34024910214490334
13637,0.12025907680933735
13650,0.24025836943275408
13651,0.040275033552439894
13656,0.6602277725043191
13657,0.010278094794647766
13660,7.179772778252971
13662,0.6102202456271342
13666,0.11026911758188557
13667,0.05027886715310392
13669,0.17026315863276426
13675,0.5002302915998138
13676,0.050271399212905174
13683,0.040274888514895635
13693,3.6300014592453715
13698,0.6102246666307073
13701,0.060278807872811674
13707,0.09026797936644146
13711,0.07027339262155508
13729,0.12026391789348354
13732,0.3502447576497071
13743,0.010278094794647766
13757,0.16027245751610206
13758,0.10026605541331829
13760,0.010278949987853548
13768,0.010278949987853548
13769,0.07027353765909933
13775,0.18026107114434667
13787,0.020278736421141953
13790,1.6201108955962158
13795,0.07027874859251944
13797,0.3502470331542359
13801,0.8401676028428477
13810,0.05027467494818404
13811,0.040278926433396166
13814,0.31024959780749384
13824,0.16026477401304873
13843,0.05027886715310392
13845,0.040275743708101414
13846,3.0000056648637194
13853,0.02027788122793617
13856,1.0702337088400613
13857,0.09026968975285302
13866,0.42027324376059266
13870,1.4801215285720406
13873,0.22025523075580983
13874,1.060168334858391
13883,1.4501382150947963
13891,0.18026092610680242
13892,0.11027851147135045
13900,1.360173311162872
13906,0.010278094794647766
13907,0.12027332501874713
13909,0.07027874859251944
13910,1.130179208395929
13920,0.11027851147135045
13934,0.040275743708101414
13936,0.14027833363047373
13943,0.43023608103057404
13947,0.07027874859251944
13957,0.4602488628895296
13961,0.020279044993980654
13962,0.4402551168270224
13965,0.3002773851457978
13966,0.7102119785700334
13971,0.25025429998058657
13978,0.15026569773542184
13986,0.08026819293315306
13987,1.1001375788934618
13997,0.010278094794647766
14008,0.16026449498309636
14010,1.4201176175366403
14014,0.060274606419016705
14021,2.1702092875151324
14029,3.5399000818239017
14031,1.090164699249191
14034,0.08027075851277038
14035,0.3602359921509377
14036,1.1701474672323096
14037,0.16026235347097562
14038,0.1302678352552566
14039,0.09027287247814776
14040,0.08027232386163768
14041,0.020278736421141953
14050,0.05027553014138982
14053,0.9301725373201494
14061,0.07027182727268777
14062,0.25025530021133663
14065,0.1202784521910582
14067,0.24025778928257702
14089,0.040278926433396166
14097,0.6602377703036626
14100,0.18026107114434667
14105,0.020279044993980654
14107,0.02027788122793617
14116,0.3502369158733108
14118,0.11026840742622404
14120,0.6002174735336554
14127,0.6802050675688605
14128,0.19026774716391784
14129,1.2001264469327801
14130,0.020279044993980654
14135,0.18026449191716978
14142,0.020279044993980654
14145,0.1202784521910582
14147,0.4302396283431912
14149,3.890142322919564
14157,0.7301988986401874
14159,0.020278736421141953
14165,0.08027232386163768
14167,0.040278926433396166
14170,0.21025629951572722
14180,0.6102018664892398
14183,1.450201955552463
14186,0.15025914626486409
14192,0.46022606673498556
14193,0.1402660563396777
14194,0.11026911758188557
14199,0.16027821506988923
14205,1.5601645809139317
14210,0.8102743618508934
14212,0.10026691060652407
14215,12.61903152888904
14219,0.3402445361037859
14221,0.08027246889918195
14226,0.23027097578491956
14227,0.09027863003193494
14229,0.02027788122793617
14231,0.33027034726152465
14234,0.050273819754978265
14235,0.09027140013926457
14236,2.6700105578172826
14239,0.5302385409474618
14259,0.010279104274272899
14264,0.19027803722901251
14276,0.18025750533397927
14278,0.12026890401517396
14291,0.25025244455663076
14297,0.020278736421141953
14299,0.08027232386163768
14301,0.11026498665340093
14308,0.10026605541331829
14309,0.050273819754978265
14310,0.45021740129905047
14320,0.010279104274272899
14323,0.030276812468018794
14325,0.9201805868800725
14328,1.2701572165220416
14332,0.12026890401517396
14336,0.35023636000406866
14341,3.84985254031802
14350,0.07027424781476085
14368,0.9001775689597379
14369,0.020279044993980654
14370,0.6302080058584341
14380,1.4901262248185245
14383,0.4202450435944478
14397,0.5802496666435908
14399,0.040278309287718764
14408,0.6702286164578691
14409,0.14026178037364878
14417,0.6501960411327627
14431,0.050273819754978265
14437,0.4202365661746239
14447,1.2101309236294857
14449,0.08027868931222719
14454,0.20025878858696766
14457,0.5702201146952903
14463,0.40022915153165084
14466,0.10027220530105321
14467,0.02027702603473039
14468,0.6202187567866437
14471,0.05027886715310392
14476,0.19026552189068807
14479,0.14026620137722196
14490,1.150272346320957
14492,0.2702530176539576
14509,0.3402445361037859
14510,1.5801465227094107
14516,5.259734374245038
14520,0.020278736421141953
14521,0.23027780010784354
14525,0.4402345049632842
14526,0.060274606419016705
14545,0.730213440390376
14547,0.13026284913356614
14552,0.36027702946404433
14558,1.1601929252222756
14559,0.20026414455793204
14563,0.11026584184660669
14566,0.10026605541331829
14572,0.11026997277509135
14573,0.17027472576789876
14577,0.24026490766751307
14582,0.12027051214272633
14589,0.5402228858624096
14597,0.2802775037063823
14610,0.2102607482659257
14614,0.010279104274272899
14616,0.5302289610380286
14629,0.21027791866842802
14634,1.310135360248172
14636,0.020279044993980654
14651,2.3700207813910916
14664,0.35024419253158984
14666,2.7800060688675954
14674,0.13026470455752198
14676,0.4302313664862219
14678,1.7300974589148328
14681,0.13026370432677192
14683,0.25025530021133663
14689,1.1701913420967731
14704,0.11026498665340093
14709,0.3302772073049211
14722,0.26025266610255193
14724,0.03027898571368841
14728,0.23025059618552512
14739,0.5802029573340671
14740,0.020279044993980654
14744,0.30025531238271413
14752,0.010279104274272899
14753,0.20025636804489458
14757,1.2301593257686556
14762,0.010279104274272899
14769,0.010278949987853548
14773,0.11026785155698188
14788,0.13026284913356614
14802,0.21027791866842802
14804,0.16026251700627006
14805,0.02027788122793617
14816,0.10027514072994448
14822,0.3102453368735247
14833,0.030275957274813012
14835,0.36026006537552147
14840,0.03027898571368841
14847,0.02027702603473039
14855,0.15026327719334875
14866,0.28025123873837865
14868,0.010278094794647766
14870,1.4701683461181279
14871,0.21025629951572722
14874,0.13027839291076598
14880,1.1001643105808154
14883,0.030278522854430355
14888,0.03027898571368841
14896,1.4001530775273812
14901,0.03027898571368841
14905,0.5502759031384917
14907,0.8301753681108671
14908,0.12026391789348354
14910,0.29025288059562293
14912,1.2401869182378802
14913,0.10027018634180293
14914,0.010278094794647766
14918,0.010278094794647766
14925,0.7302270027250592
14936,0.03027898571368841
14941,0.15026403937657043
14955,0.23025059618552512
14960,0.04027246797282255
14963,0.0502748199857283
14966,0.040278926433396166
14967,0.3402364192843609
14979,0.060278807872811674
14980,0.2202489693603406
14982,0.060278807872811674
14983,0.5602253236325674
14987,0.04027791695377103
14993,0.5102525021477097
14997,0.9301701167780763
14999,0.13027839291076598
15003,6.029811848082052
15004,3.31999563385222
15015,0.8102007408848022
15026,1.160130045346598
15035,0.06027788215429557
15038,0.010278094794647766
15044,2.8001684640446527
15049,0.6602141136939614
15058,0.3602449752087047
15060,0.060273606188266673
15061,0.7201909653233545
15076,0.25025415494304226
15077,0.14026178037364878
15085,0.3302557371766882
15087,0.470236498571816
15089,0.39024346827022793
15095,0.11026357559095296
15096,0.030276812468018794
15100,0.03027898571368841
15109,0.040275033552439894
15111,0.3202479639294592
15112,0.10026605541331829
15119,0.020279044993980654
15121,0.1802633466488755
15124,0.03027898571368841
15125,0.11026498665340093
15130,0.45027649594141417
15136,0.2802519488940402
15141,0.09027863003193494
15147,0.4402248764919813
15157,0.6001973840093494
15160,0.15027827435018148
15163,1.6401046121158367
15174,0.13026284913356614
15175,0.060278807872811674
15177,0.010279104274272899
15178,1.170156294207396
15179,3.029967051890452
15183,0.8602162117972425
15185,0.2802775037063823
15186,0.1002785707516427
15187,0.09027863003193494
15188,0.04027332316602833
15190,0.060278807872811674
15197,0.1802638615356937
15203,0.040274888514895635
15208,0.060278807872811674
15252,1.3001446457688794
15253,0.16026973765006536
15258,0.040278309287718764
15264,0.08027232386163768
15265,0.4202304347846392
15273,1.5601893677598675
15274,0.03027898571368841
15284,0.680201241747524
15302,0.05027467494818404
15303,0.4202412622212258
15307,0.03027898571368841
15315,4.719785693562129
15321,0.5602080654820324
15327,0.18026192633755245
15329,0.8901860594154786
15331,0.03027898571368841
15339,0.5402244715052882
15346,0.19025900215367925
15348,0.010279104274272899
15350,0.2202575062603387
15352,4.359832819771213
15353,0.7802045122826715
15355,0.06027275099506088
15357,0.1002785707516427
15368,0.4202406971031086
15369,0.08027075851277038
15380,0.05027886715310392
15381,1.1701420644957363
15387,6.63961188897563
15395,0.8502412377658528
15398,0.010278094794647766
15403,0.26025736214915385
15406,0.7102155443804009
15409,0.16026462897550448
15420,0.03027898571368841
15431,1.1101645564076714
15436,0.9201787372393015
15440,0.04027589799452077
15441,0.7002533630478585
15442,0.2902543621833812
15446,0.09027125510172032
15450,0.7802080128296802
15465,0.5702111276505997
15471,0.040275743708101414
15474,0.08027868931222719
15482,0.020278736421141953
15491,0.010278949987853548
15498,0.14026178037364878
15500,0.020278736421141953
15507,0.08026819293315306
15516,1.3501393019692927
15525,0.02027788122793617
15531,0.050273819754978265
15544,0.21025771982705027
15545,0.19026116615047378
15549,0.19025845553331214
15552,0.010278094794647766
15562,0.20025294727207144
15573,0.13026284913356614
15579,0.7701823457884885
15590,0.030275957274813012
15597,0.08026819293315306
15605,0.17025544339616205
15606,0.08027075851277038
15618,0.26025266610255193
15627,0.47023706368993323
15632,1.7401072101388881
15633,0.05027886715310392
15638,0.15026569773542184
15641,0.010278094794647766
15642,0.33024532982067456
15650,0.050273819754978265
15656,1.0101785104932488
15659,0.19025985734688505
15661,0.2802548935718066
15665,0.38026781633795864
15677,1.6202661301255235
15693,0.03027898571368841
15697,0.18026107114434667
15700,0.02027702603473039
15715,0.3802447340952497
15718,0.6302617088093608
15720,1.4301507264408349
15730,0.12026491812423357
15735,0.21025629951572722
15741,0.5302226793485483
15742,0.060274461381472445
15745,0.07027874859251944
15749,0.24027774082755127
15750,0.09027863003193494
15751,0.10026776579972986
15752,0.02027702603473039
15758,0.36023342657132035
15759,1.2001636472525827
15766,0.09026954471530875
15771,0.470229802063714
15781,0.15027827435018148
15786,0.4802354165760999
15789,0.030275957274813012
15796,1.0701662843654738
15797,0.3702413298240338
15798,0.1202784521910582
15803,0.03027898571368841
15806,0.010279104274272899
15826,0.7901698159447
15850,0.2802519488940402
15861,0.03027898571368841
15865,0.19026855431648712
15869,0.27024717633906137
15879,0.5902230933026305
15885,0.7502369401689646
15893,0.09027125510172032
15897,0.3902382071055087
15904,0.040278926433396166
15924,0.11027851147135045
15937,0.2102611405998734
15944,0.32019826278215896
15991,0.010279104274272899
15992,0.23025501718909824
16001,2.250056131608539
16004,0.20026842977283602
16007,0.03027898571368841
16010,0.1402667664953392
16015,0.4602609325913182
16016,1.6401804385823795
16021,0.11027851147135045
16030,3.969917428069264
16041,0.440230587801393
16042,0.17026057455539673
16048,0.060278807872811674
16049,0.07027874859251944
16055,0.1002785707516427
16059,0.13027839291076598
16069,1.780090178247675
16079,0.09026968975285302
16093,0.9901831985606413
16102,0.8001985039721529
16111,5.989670516761138
16112,0.08027868931222719
16115,1.6501119803145525
16117,0.4302316565613104
16122,0.7802038021270101
16125,0.25025373486246927
16128,0.12026562827989509
16130,0.08026819293315306
16136,0.07027097207948198
16137,0.9401941756917154
16138,1.8200857945178968
16139,0.2602776222669668
16140,0.550210699590817
16143,0.24024867223240193
16146,0.09027863003193494
16150,0.03027898571368841
16155,0.7702231194981043
16161,0.010279104274272899
16163,0.010278094794647766
16164,0.4002390920414828
16167,0.040278926433396166
16168,0.31024119091298025
16170,0.8501921898791038
16176,1.0501682884141335
16184,1.0001740522942935
16186,1.0202250357789475
16187,1.9900642799867772
16189,0.37026110858483846
16194,0.5502370805747119
16202,0.3202455433873861
16204,0.05027886715310392
16221,0.2702662021655195
16223,0.36024710966261286
16231,0.26024653471256715
16232,0.16025964285381403
16234,0.23024974099231932
16250,2.2200288485874173
16254,1.7301404410693573
16261,1.220146152102348
16263,0.08026819293315306
16280,0.02027702603473039
16283,0.08026819293315306
16284,1.1901723757558516
16290,0.03027898571368841
16293,0.8701883419728575
16297,0.15027827435018148
16300,0.5502759031384917
16301,0.24024968171202707
16309,0.08027232386163768
16310,0.020279044993980654
16313,0.08026819293315306
16318,0.050273819754978265
16322,0.5302270853200617
16325,0.31025045300069964
16330,0.160274785048191
16333,0.010279104274272899
16337,0.46023727725664487
16340,4.309828660343161
16343,0.5802172610367273
16351,0.15027827435018148
16353,0.1302662699063893
16354,0.26024653471256715
16357,0.5302469755886006
16358,0.03027898571368841
16362,0.26025423145141924
16363,0.16027821506988923
16369,0.7601985329830814
16371,0.9801662043349486
16373,0.060278807872811674
16383,0.02027788122793617
16389,0.10026947618614143
16393,0.17025857409389664
16394,0.040275743708101414
16397,0.1202784521910582
16403,3.3499144303045814
16405,0.08026819293315306
16414,0.7401948291880198
16417,0.10027018634180293
16418,1.9701285533024164
16423,0.05027467494818404
16439,0.24025778928257702
16444,0.11027851147135045
16456,0.010278094794647766
16460,0.0502748199857283
16468,0.4502307943152545
16470,1.6101149650483835
16484,0.21026484746086144
16485,0.11027851147135045
16489,3.6899581049962755
16491,5.489841910121869
16493,0.9001801646034746
16494,0.8401822711328306
16496,0.22026078199561755
16503,0.180263636723964
16504,0.12026391789348354
16512,0.08027232386163768
16514,0.2102595752510061
16520,0.05027886715310392
16522,0.040274888514895635
16532,0.15027827435018148
16541,0.1002785707516427
16546,0.12026562827989509
16559,0.18025750533397927
16560,0.14026706581930282
16568,0.31024119091298025
16571,0.13026284913356614
16576,0.040273477452447685
16579,0.8901961766964036
16590,0.2802446872678209
16592,0.5002258705962406
16596,0.19026030170839286
16602,0.15026413238655456
16611,7.599698037777572
16633,0.010278949987853548
16639,0.0702743928523051
16641,0.1502658427729661
16647,0.26025266610255193
16652,0.6602482543625727
16658,0.07027874859251944
16660,0.16026049804701983
16663,0.02027702603473039
16669,0.060278807872811674
16677,0.10026776579972986
16678,0.7002019448503355
16682,0.020279044993980654
16692,0.02027702603473039
16694,1.2801589310952588
16697,1.1401506735120617
